Title                                                            , Duration            , Affiliation                                         , CV_Section                           , Status            , Has_Raw_Data, Notes
Padayon Ko - AI Scholarship Platform                             , Aug 2024 - Present  , Independent / Google AI for Impact Winner ($8k)     , Personal Projects                    , ‚è≥ Needs Extraction, Yes         , projects/PROJ-padayon-ko/
Dell Technologies SWE Internship                                 , May 27 - Aug 15 2025, Dell Technologies - Office of CTO AI Engineering    , Work Experience                      , üìÅ Has 8 JSONs    , Yes         , projects/EXP-dell-chaos-distributed/raw/
Somach BCI Biosensor to Videogame                                , 2024 - Present      , Minerva University Capstone                         , Research Experience                  , ‚è≥ Needs Extraction, Yes         , projects/PROJ-somach-biosensor-to-videogame/
World Robotics Olympiad Captain - Robot Soccer                   , Aug 2018 - Nov 2019 , Marigondon National High School / WRO Hungary 2019  , Teaching and Mentorship Portfolio    , ‚ùå No folder       , No          ,
OpenAI Cookbook Contribution - Whisper API                       , Jul 2024            , OpenAI Open Source                                  , Personal Projects                    , ‚ùå No folder       , No          ,
AI Advocate & Technical Writer                                   , 2023-2024           , AI Philippines Community / Medium                   , Personal Projects                    , ‚ùå No folder       , No          ,
Minerva University Student                                       , 2022 - Present      , Minerva University (Class of 2026)                  , Education                            , ‚ùå No folder       , No          ,
Minerva University - Software Engineering TA                     , 2025                , Minerva University                                  , Work Experience                      , ‚ùå No folder       , No          ,
Symph - Full-Stack Developer                                     , Jul 2021 - Aug 2022 , Symph (Webflow + Lottie)                            , Work Experience                      , ‚ùå No folder       , No          ,
Symph - Product Design Intern                                    , Aug 2020 - Jul 2021 , Symph                                               , Creative Works                       , ‚ùå No folder       , No          ,
Cerebras Systems Fellow                                          , Feb 2025 - Present  , Cerebras Systems                                    , Personal Projects                    , ‚ùå No folder       , No          ,
Edgur - Product Design Engineer to AI/ML Lead                    , Aug - Sep 2024      , Edgur (Atlanta)                                     , Work Experience                      , ‚ùå No folder       , No          ,
Minerva University - FinanceOps & Automations Intern             , May 2023 - Present  , Minerva University                                  , Education                            , ‚ùå No folder       , No          ,
Minerva University - Junior Web Designer                         , Jan 2024 - Present  , Minerva University                                  , Work Experience                      , ‚ùå No folder       , No          ,
Northeastern ReGameXR Lab - Game Designer                        , Jul - Aug 2023      , Northeastern University ReGameXR Lab                , Work Experience                      , ‚ùå No folder       , No          ,
Universidad Abierta Interamericana - Technical Research Assistant, Sep - Dec 2024      , UAI (Buenos Aires) - Physical Bits Robotics         , Research Experience                  , ‚ùå No folder       , No          ,
Brand New Bundestag - Software Engineer                          , Jan - Apr 2024      , Brand New Bundestag (Berlin) - Ade AFD Board Game   , Work Experience                      , ‚ùå No folder       , No          ,
Hyperbolic Labs - Commissioned Developer                         , 2024                , $1k GPU rental bot commission                       , Work Experience                      , ‚ùå No folder       , No          ,
Pixsell PH - Director of Sales & Business Development            , Mar - Jun 2022      , Pixsell PH (Entrepreneurship)                       , Leadership Experience                , ‚ùå No folder       , No          ,
CTOs Discuss - Creative Director                                 , Mar - Sep 2021      , Symph/UBX CTO Web Series                            , Leadership Experience                , ‚ùå No folder       , No          ,
Fascinating Features - Creative Marketing Specialist             , Jun - Aug 2021      , Fascinating Features                                , Volunteer Experience                 , ‚ùå No folder       , No          ,
Atlantic Hardware Cebu - Freelance Web Developer                 , May - Aug 2020      , Atlantic Hardware (WordPress + Elementor)           , Internships & Freelance Work         , ‚ùå No folder       , No          ,
One Gadget One Child - Creative Marketing Lead                   , Jun 2020 - Mar 2022 , One Gadget One Child (126 devices distributed)      , Leadership Experience                , ‚ùå No folder       , No          ,
Tabangay Ta - 2nd-in-Command Full-Stack Developer                , Dec 2021 - Jan 2022 , Tabangay Ta (Typhoon Odette Relief)                 , Work Experience                      , ‚ùå No folder       , No          ,
Marigondon National High School - Robotics Team Captain          , Aug 2016 - Nov 2019 , Marigondon National High School                     , Teaching and Mentorship Portfolio    , ‚ùå No folder       , No          ,
Game Developers Conference - Conference Associate                , Mar 2025            , GDC 2025 ($3k value role)                           , Work Experience                      , ‚ùå No folder       , No          ,
Google I/O Cebu 2022 - Speaker                                   , Jun 2022            , Google I/O Cebu                                     , Presentations                        , ‚ùå No folder       , No          ,
Microsoft Tech Talk - Speaker                                    , 2024                , DepEd PH ICTS-EdTech Unit (20k attendees)           , Teaching and Mentorship Portfolio    , ‚ùå No folder       , No          ,
YC AI Startup School                                             , Jun 2025            , Y Combinator (1 of 2000 selected)                   , Teaching and Mentorship Portfolio    , ‚ùå No folder       , No          ,
Hanwha AI Center - Member #0                                     , 2024                , Hanwha AI Center (SF Financial District)            , Professional Affiliations            , ‚ùå No folder       , No          ,
Anthropic Student Builder - Grant Recipient                      , 2025                , Anthropic (Claude API credits)                      , Education                            , ‚ùå No folder       , No          ,
Microsoft Azure for Startups - Founders Hub                      , 2024                , Microsoft ($1k credits)                             , Teaching and Mentorship Portfolio    , ‚ùå No folder       , No          ,
826 Valencia - Volunteer                                         , 2024                , 826 Valencia (San Francisco)                        , Volunteer Experience                 , ‚ùå No folder       , No          ,
NTU Makers Club - Active Member                                  , 2024 - 2025         , National Taiwan University                          , Education                            , ‚ùå No folder       , No          ,
Stat - Your Virtual Clinic                                       , Jul - Sep 2020      , National Science Fair Winner + SIHI PH              , Teaching and Mentorship Portfolio    , ‚ùå No folder       , No          ,
Segue MediRecords                                                , Sep 2021 - Feb 2022 , HIPAA-compliant EHR with Notion                     , Personal Projects                    , ‚ùå No folder       , No          ,
Plutus Financial Game                                            , Apr - May 2021      , PhilDev Labs x Cebuana Lhuillier Winner             , Research Experience                  , ‚ùå No folder       , No          ,
LookMaNoHands - Voice Browser Navigation                         , 2024                , Weights & Biases Creators Corner Winner             , Awards and Honors                    , ‚ùå No folder       , No          ,
UnNorminator - Elderly Crypto Navigation                         , 2024                , Coinbase Onchain Hackathon - Hyperbolic Track Winner, Awards and Honors                    , ‚ùå No folder       , No          ,
Omi Wrap - AI Life Summary                                       , 2024                , Omi MCP Hackathon ($25k + 6mo equity-free)          , Awards and Honors                    , ‚ùå No folder       , No          ,
Got Your Grandma - Elderly Fraud Protection                      , 2024                , Cerebras + Voice AI                                 , Personal Projects                    , ‚ùå No folder       , No          ,
Viral Video - AI Content Generator                               , 2024                , HackMIT Semi-finalist                               , Personal Projects                    , ‚ùå No folder       , No          ,
Hachiko - Math Motivation Chatbot                                , 2024                , QHacks Mannheim/Berlin                              , Personal Projects                    , ‚ùå No folder       , No          ,
Omi Uber - Voice Uber Control                                    , 2024                , End-to-end deployed with Playwright + Docker        , Personal Projects                    , ‚ùå No folder       , No          ,
Build in Public AI                                               , 2024                , A16z demo for Layer Path                            , Personal Projects                    , ‚ùå No folder       , No          ,
Readmeeplease.AI - Auto README Generator                         , 2024                , Hackathon Win (5-person team)                       , Awards and Honors                    , ‚ùå No folder       , No          ,
Meet Dobby - AI Debates Platform                                 , 2024                , Open Source AI Hackathon Winner                     , Personal Projects                    , ‚ùå No folder       , No          ,
Dad How Do I - Photo to Tutorial                                 , 2024                , NVIDIA Brasil World's Shortest Hackathon            , Awards and Honors                    , ‚ùå No folder       , No          ,
Urban Pulse Vision - Gemini Video Understanding                  , 2024                , Singapore Government Hackathon                      , Teaching and Mentorship Portfolio    , ‚ùå No folder       , No          ,
Cheap Shopper - Multi-site Price Comparison                      , 2024                , Playwright automation                               , Personal Projects                    , ‚ùå No folder       , No          ,
Gensler SFO Wayfinding                                           , 2024                , Civic Community Project (6-person team lead)        , Leadership Experience                , ‚ùå No folder       , No          ,
Physical Bits / Mendieta Robot                                   , Sep - Dec 2024      , UAI Argentina - Elementary School Robotics          , Teaching and Mentorship Portfolio    , ‚ùå No folder       , No          ,
Sugar Slay - Unity Diabetes Game                                 , Jul - Aug 2023      , Northeastern ReGameXR Lab                           , Research Experience                  , ‚ùå No folder       , No          ,
VR Therapy Game - Unreal Engine 5                                , Jul - Aug 2023      , Northeastern ReGameXR Lab                           , Research Experience                  , ‚ùå No folder       , No          ,
Ade AFD Board Game - Digital Adaptation                          , Jan - Apr 2024      , Brand New Bundestag (Berlin)                        , Teaching and Mentorship Portfolio    , ‚ùå No folder       , No          ,
Gray Area Project                                                , 2024                , Massason Foundation (San Francisco)                 , Personal Projects                    , ‚ùå No folder       , No          ,
The Butterfly Effect - Discord Health Bot                        , Nov 2020            , Google Hackfest 2020                                , Personal Projects                    , ‚ùå No folder       , No          ,
Is Math Even Useful in Real Life                                 , 2020                , Competition Winner + Hachiko Inspiration            , Awards and Honors                    , ‚ùå No folder       , No          ,
Linear Code Image Compression                                    , 2024                , Orthogonal Basis Implementation                     , Teaching and Mentorship Portfolio    , ‚ùå No folder       , No          ,
A* Micromouse Maze                                               , 2024                , AI Pathfinding Algorithm                            , Personal Projects                    , ‚ùå No folder       , No          ,
Uber Data Explorer                                               , Sep - Dec 2024      , Statistical Analysis (Buenos Aires)                 , Teaching and Mentorship Portfolio    , ‚ùå No folder       , No          ,
Robot League Procter                                             , Sep - Dec 2024      , UAI Argentina Virtual Competition                   , Personal Projects                    , ‚ùå No folder       , No          ,
Markdown-to-Blog Capstone Folio                                  , 2024 - Present      , LLM-friendly Documentation System                   , Research Experience                  , ‚ùå No folder       , No          ,
Prose Synthesizer                                                , 2024 - Present      , Watson-esque Writing AI (6-7 personas)              , Personal Projects                    , ‚ùå No folder       , No          ,
CLI Boom - Terminal Sound Effects                                , 2024                , Product Hunt Launch + GitHub Love of Code           , Personal Projects                    , ‚ùå No folder       , No          ,
Timezone Converter Chrome Extension                              , 2023                , 50 downloads + 5‚≠ê (Minerva Community)               , Personal Projects                    , ‚ùå No folder       , No          ,
Minerva Student ID Extension                                     , 2023                , Chrome Extension (Student UX)                       , Education                            , ‚ùå No folder       , No          ,
Grammarly for Minerva - HSC Feedback Tool                        , 2024                , AI Review Tool for Critical Thinking                , Personal Projects                    , ‚ùå No folder       , No          ,
Finance Ops Automations                                          , May 2023 - Present  , Python/Pandas + PythonAnywhere + AGOL               , Personal Projects                    , ‚ùå No folder       , No          ,
Image-to-HEIC Converter                                          , 2023                , Custom Tool for Family                              , Personal Projects                    , ‚ùå No folder       , No          ,
Daily Work Tracker / Context-Aware Pomodoro                      , 2024 - Present      , AI-powered Activity Synthesis                       , Personal Projects                    , ‚ùå No folder       , No          ,
Splitwise K8s Recreation                                         , May - Aug 2025      , Dell Internship Learning                            , Work Experience                      , ‚ùå No folder       , No          ,
Human Typing Emulator                                            , 2024                , Python with Backspace/Error Simulation              , Personal Projects                    , ‚ùå No folder       , No          ,
Connect4 MinMax                                                  , 2024                , AI Algorithm Game (Product Hunt)                    , Personal Projects                    , ‚ùå No folder       , No          ,
Android Whisper App                                              , 2024                , Long-form Audio Transcription                       , Personal Projects                    , ‚ùå No folder       , No          ,
GPS Emulation Android Utility                                    , 2024                , Location Testing for Omi Uber                       , Personal Projects                    , ‚ùå No folder       , No          ,
Minerva Community Extensions Collection                          , 2023 - 2024         , Various Chrome Extensions                           , Personal Projects                    , ‚ùå No folder       , No          ,
Stremel IT 5K Dashboard                                          , 2024                , Google Sheets to CSV (Minerva 5km Run)              , Personal Projects                    , ‚ùå No folder       , No          ,
1763/1653 London School Website                                  , 2024                , Webflow for London Education Institution            , Personal Projects                    , ‚ùå No folder       , No          ,
Plurality Website                                                , 2024                , Taiwan Digital Minister Audrey Tang                 , Teaching and Mentorship Portfolio    , ‚ùå No folder       , No          ,
AI Consensus Website                                             , 2023                , Webflow for Prof Barry Powers + Rena Levitt         , Personal Projects                    , ‚ùå No folder       , No          ,
StudyKit Branding & Website                                      , Summer 2023         , Webflow under Prof Powers                           , Personal Projects                    , ‚ùå No folder       , No          ,
Gen Zed Website                                                  , 2024                , Webflow for Jonathan Shawana                        , Personal Projects                    , ‚ùå No folder       , No          ,
eConverse Project                                                , 2024                , Webflow Contract                                    , Personal Projects                    , ‚ùå No folder       , No          ,
Project Emers                                                    , 2024                , Webflow Development                                 , Personal Projects                    , ‚ùå No folder       , No          ,
Filipino Crypto Website                                          , 2024                , Next Gen Chat (Playada/Gerb)                        , Personal Projects                    , ‚ùå No folder       , No          ,
AirPods Landing Page                                             , 2023                , Webflow + Lottie Animation                          , Creative Works                       , ‚ùå No folder       , No          ,
Michelle's Marketing Agency LinkedIn Tracker                     , Summer 2025         , Commission Automation                               , Personal Projects                    , ‚ùå No folder       , No          ,
80% Speed Improvement - Messenger Widget                         , 2021                , Symph Interns Lead (PageSpeed Insights)             , Leadership Experience                , ‚ùå No folder       , No          ,
Webflow GSAP Creative Challenge                                  , 2023                , Semi-finalist Speed Build                           , Personal Projects                    , ‚ùå No folder       , No          ,
Webflow Auto Pre-Footer CTA                                      , 2024                , Dynamic CMS for Minerva Marketing                   , Teaching and Mentorship Portfolio    , ‚ùå No folder       , No          ,
Warner Bros Discovery Photo Use                                  , 2024                , Charitable Entity (Abundant Production Singapore)   , Teaching and Mentorship Portfolio    , ‚ùå No folder       , No          ,
CarlKho.com Sponsorship Site                                     , 2022                , ‚Ç±200k from Lapu-Lapu Mayor + Times Square Billboard , Personal Projects                    , ‚ùå No folder       , No          ,
Cell World - 3D Biology Viewer                                   , 2021                , Sketchfab API (11th Grade Biology)                  , Personal Projects                    , ‚ùå No folder       , No          ,
Overwatch Art Competition Win (SSDC)                             , 2020                , Wayback Machine Preserved                           , Creative Works                       , ‚ùå No folder       , No          ,
Gesture Stickers - Teachable Machine                             , 2021                , OBS Virtual Camera Overlay                          , Personal Projects                    , ‚ùå No folder       , No          ,
Animated Grain BG                                                , 2023                , CSS-only Animation                                  , Creative Works                       , ‚ùå No folder       , No          ,
LSM Generator - Valentine's Day                                  , Feb 2021            , Pre-GPT Template Generator                          , Personal Projects                    , ‚ùå No folder       , No          ,
Simala Sanctuary de Cebu - Art Contest                           , Apr 2020            , Winner + 2x GMA + 1x ABS-CBN + 5 News Articles      , Awards and Honors                    , ‚ùå No folder       , No          ,
Simala Sanctuary de Cebu - Overwatch Map                         , Jul 2020            , Winner + Media Exposure                             , Awards and Honors                    , ‚ùå No folder       , No          ,
RiSE - Vaccination Platform                                      , Jan - Apr 2021      , Google Solutions Challenge 2021 (UP Collaboration)  , Research Experience                  , ‚ùå No folder       , No          ,
The Butterfly Effect - Chrome Extension                          , Feb 2021            , Microsoft Azure Hackathon 2021                      , Personal Projects                    , ‚ùå No folder       , No          ,
Dump.waste - Trash Mapping                                       , Mar - May 2021      , Climate Hack 2021                                   , Personal Projects                    , ‚ùå No folder       , No          ,
White Polo Filter - SnapChat                                     , Oct 2020            , Used by Thousands (Viral)                           , Personal Projects                    , ‚ùå No folder       , No          ,
Profanity Filter Chrome Extension                                , Jan 2021            , Code Practice                                       , Personal Projects                    , ‚ùå No folder       , No          ,
Couriers Research Paper                                          , Feb 2021            , 95/100 Average (Qualitative Research)               , Research Experience                  , ‚ùå No folder       , No          ,
Reading Between the Lines - Animated Short                       , Nov 2020 - Feb 2021 , National Arts Month (Prison Documentary)            , Teaching and Mentorship Portfolio    , ‚ùå No folder       , No          ,
AVP Teaser - Certified Voice Artist Program                      , Mar - Apr 2021      , Voice Over Course Batch 6                           , Certifications & Licenses            , ‚ùå No folder       , No          ,
SocMed Package for Bisdato PH                                    , Jan 2021            , Commissioned by Ate Shan Tai                        , Teaching and Mentorship Portfolio    , ‚ùå No folder       , No          ,
Certified Voice Artist - Kho.Voice                               , Apr 2021            , Batch 6 / Carl Kho 21-00251                         , Certifications & Licenses            , ‚ùå No folder       , No          ,
Razer Affiliated Streamer                                        , 2020 - 2021         , #RazerStreamer                                      , Personal Projects                    , ‚ùå No folder       , No          ,
Dirt-E Battery - Regional Science Fair                           , Nov 2018 - May 2019 , Winner + Pasigarbo 2018                             , Awards and Honors                    , ‚ùå No folder       , No          ,
Champion - STEAM Robotics Cup                                    , Nov 2017            , Everyday Solutions (CNN Interview)                  , Personal Projects                    , ‚ùå No folder       , No          ,
Sunflow3r Lego Solar Tracker                                     , Oct - Nov 2017      , DepEd Division SciFair                              , Personal Projects                    , ‚ùå No folder       , No          ,
Bahiya Photograph - Lapu-Lapu SOSA                               , 2018                , City Recognition                                    , Personal Projects                    , ‚ùå No folder       , No          ,
Memes Reacted by Razer                                           , May 2017            , Social Media Recognition                            , Personal Projects                    , ‚ùå No folder       , No          ,
Smart Trash Bin - Regional Science Fair                          , Mar 2017            , First Innovation (Grade 7)                          , Creative Works                       , ‚ùå No folder       , No          ,
English Quiz Bowl - MNHS                                         , Feb 2017            , Winner (Grade 7)                                    , Awards and Honors                    , ‚ùå No folder       , No          ,
Web Design Contest - Met Microsoft PH Ambassador                 , Dec 2016            , Sir Glenn Laping (Grade 7)                          , Creative Works                       , ‚ùå No folder       , No          ,
Robotics - Lapu-Lapu Division - First Lego League                , Aug 2016            , Grade 7                                             , Personal Projects                    , ‚ùå No folder       , No          ,
Google Science Fair - New Idea Certificate                       , May 2019            , Certificate of Recognition                          , Certifications & Licenses            , ‚ùå No folder       , No          ,
SM Cyber Month - Robotics Exhibition                             , Aug 2018            , Featured Match                                      , Personal Projects                    , ‚ùå No folder       , No          ,
RoboSoccer LLC Division Winners                                  , Aug 2018            , Philippine Robotics Olympiad                        , Personal Projects                    , ‚ùå No folder       , No          ,
3rd Runner Up - Mr & Ms Communication 2018                       , 2018                , MNHS                                                , Personal Projects                    , ‚ùå No folder       , No          ,
Photojournalist - Regional Schools Press                         , 2018                , Balamban                                            , Personal Projects                    , ‚ùå No folder       , No          ,
Master of Ceremony - MNHS Moving Up                              , 2018                , MNHS                                                , Personal Projects                    , ‚ùå No folder       , No          ,
FreCre Inc Field Research - Salinlahi Game Jam                   , 2018                , Led Research                                        , Research Experience                  , ‚ùå No folder       , No          ,
DitF Tribute Animation                                           , 2018                , Viral on Reddit + Awarded                           , Creative Works                       , ‚ùå No folder       , No          ,
Neon Portrait Photography Workshop                               , Aug 2018            , Charisma Lico                                       , Creative Works                       , ‚ùå No folder       , No          ,
Saludo sa Kabataan Academic Excellence                           , Aug 2020            , ‚Ç±100k+ in Scholarships                              , Teaching and Mentorship Portfolio    , ‚ùå No folder       , No          ,
Champion - Mr. Communication 2019                                , 2019                , MNHS                                                , Awards and Honors                    , ‚ùå No folder       , No          ,
Project CliMax - Abstinence for Change                           , 2019                , Oceania Social Cause                                , Personal Projects                    , ‚ùå No folder       , No          ,
NatGeo Planet or Plastic - Short Story                           , 2019                , Contestant                                          , Teaching and Mentorship Portfolio    , ‚ùå No folder       , No          ,
Nestle Wellness Campus Champions                                 , 2019                , Same-day Vlog Team Lead                             , Leadership Experience                , ‚ùå No folder       , No          ,
Segment Host - ARCHon 2019                                       , Nov 2019            , Cultured Events                                     , Presentations                        , ‚ùå No folder       , No          ,
1st Runner Up - PhilHealth Quiz Bowl                             , Oct 2019            , 2nd Place                                           , Personal Projects                    , ‚ùå No folder       , No          ,
Editor-in-Chief - Regional Schools Press                         , 2019                , Mandaue                                             , Personal Projects                    , ‚ùå No folder       , No          ,
Top 20 Finalist - LLC Ahong Chan Logo                            , 2019                , Logo Contest                                        , Personal Projects                    , ‚ùå No folder       , No          ,
Cebuano Youth Association                                        , Dec 2019            , Attended                                            , Personal Projects                    , ‚ùå No folder       , No          ,
3rd Place - Extemporaneous Speaking                              , Nov 2019            , MNHS                                                , Personal Projects                    , ‚ùå No folder       , No          ,
Drive - Drive Safely S.I.P                                       , Sep 2019            , Uncle Lennon coded                                  , Personal Projects                    , ‚ùå No folder       , No          ,
UP SSG - Branding Freelance                                      , 2019                , First Freelance (John Kyle)                         , Internships & Freelance Work         , ‚ùå No folder       , No          ,
Interview with Mayor Ahong Chan                                  , 2019                , School Papers                                       , Media Appearances / Public Engagement, ‚ùå No folder       , No          ,
Photowalk - Nikon with Nickie                                    , Sep 2019            , Photography                                         , Creative Works                       , ‚ùå No folder       , No          ,
Adopt Don't Shop Poster - Robinson's Galleria                    , 2019                , SWU-PHINMA Winner + Exhibited                       , Awards and Honors                    , ‚ùå No folder       , No          ,
Vicente Sotto Robot for COVID Patients                           , Mar 2020            , Dr. Bryan + Dra. Nora + Engr. Terence               , Personal Projects                    , ‚ùå No folder       , No          ,
Fatar 3D Mushroom - Maplestory 2                                 , 2020                , 3D Character Tribute                                , Teaching and Mentorship Portfolio    , ‚ùå No folder       , No          ,
Le Zombi Nickie Photo Manipulation                               , 2020                , Half-anniversary Art                                , Creative Works                       , ‚ùå No folder       , No          ,
Kurzgesagt After Effects Course                                  , 2020                , Completed                                           , Personal Projects                    , ‚ùå No folder       , No          ,
HuoyTheDoge Launch                                               , 2020                , With Nickie                                         , Personal Projects                    , ‚ùå No folder       , No          ,
Sumobot - Regional Science Fair                                  , Oct 2019            , 2nd Place Winner (3KG)                              , Personal Projects                    , ‚ùå No folder       , No          ,
LLC Times - Car Crash Disaster Coverage                          , 2019                , Viral Journalism                                    , Personal Projects                    , ‚ùå No folder       , No          ,
Arduino Code Camp Speaker - DevCon                               , Aug 2018            , I.O.T Presentation                                  , Teaching and Mentorship Portfolio    , ‚ùå No folder       , No          ,
Abbott Laboratories Poster - Power of 3                          , Oct 2020            , Nationwide In-clinic Implementation                 , Research Experience                  , ‚ùå No folder       , No          ,
It's a Mask - Congresswoman Paz Radaza                           , Oct 2020            , Freeman Newspaper Feature                           , Media Appearances / Public Engagement, ‚ùå No folder       , No          ,
Top 10% Junior Breakthrough Challenge                            , 2020                , COVID-19 Pathophysiology                            , Personal Projects                    , ‚ùå No folder       , No          ,
Atlantic Hardware E-Commerce                                     , May - Aug 2020      , WordPress + Elementor                               , Personal Projects                    , ‚ùå No folder       , No          ,
DICT New Normal Poster Champion                                  , Jun 2020            , Region VII & VIII Winner                            , Awards and Honors                    , ‚ùå No folder       , No          ,
Rhyme Designs Branding                                           , 2020                , Client from Kenya                                   , Creative Works                       , ‚ùå No folder       , No          ,
Lapu-Lapu SportsFest Photojournalist                             , Feb 2020            , Mactan Airbase                                      , Teaching and Mentorship Portfolio    , ‚ùå No folder       , No          ,
Wiki Loves Earth PH Photography                                  , 2020                , Contest Entry                                       , Creative Works                       , ‚ùå No folder       , No          ,
Timr - First Android App                                         , 2020                , Coded with Designcourse                             , Personal Projects                    , ‚ùå No folder       , No          ,
tyn.py - First Python App                                        , 2020                , First Python Project                                , Personal Projects                    , ‚ùå No folder       , No          ,
500 YouTube Subscribers                                          , 2020                , Channel Growth                                      , Personal Projects                    , ‚ùå No folder       , No          ,
Starry Night in Minecraft                                        , 2020                , Anniversary Art                                     , Teaching and Mentorship Portfolio    , ‚ùå No folder       , No          ,
HyperX Cloud Stinger                                             , 2020                , Bought with Savings                                 , Personal Projects                    , ‚ùå No folder       , No          ,
Black PS5 Photo Manipulation                                     , 2020                , Viral on Reddit                                     , Personal Projects                    , ‚ùå No folder       , No          ,
Artist Alley Cebu - Cover Page                                   , 2020                , Featured                                            , Media Appearances / Public Engagement, ‚ùå No folder       , No          ,
HuoyTheDoge Instagram Sticker Pack                               , 2020                , Created                                             , Teaching and Mentorship Portfolio    , ‚ùå No folder       , No          ,
Wix Portfolio Page                                               , 2020                , First Portfolio                                     , Personal Projects                    , ‚ùå No folder       , No          ,
Cinecom Gills Fortnite Dance Meme                                , 2021                , Featured on Instagram                               , Teaching and Mentorship Portfolio    , ‚ùå No folder       , No          ,
John Kyle Logo Designs                                           , Jun - Aug 2020      , 2nd Gig Commission                                  , Creative Works                       , ‚ùå No folder       , No          ,
Laissez-faire Piracy Research                                    , Feb 2020            , Research Paper                                      , Research Experience                  , ‚ùå No folder       , No          ,
Klassroom App - 4th Q English                                    , 2020                , App Project                                         , Personal Projects                    , ‚ùå No folder       , No          ,
Symph Excellence Award - SymphOScars                             , 2020                , 2 Months In                                         , Personal Projects                    , ‚ùå No folder       , No          ,
Resume for Future Senator Bryant                                 , Oct 2020            , Figma Design Commission                             , Creative Works                       , ‚ùå No folder       , No          ,
TBE-Lite Chrome Extension                                        , 2020 - 2021         , Browserified                                        , Personal Projects                    , ‚ùå No folder       , No          ,
Symph Jacket                                                     , 2021                , Received                                            , Personal Projects                    , ‚ùå No folder       , No          ,
Hero Poster for gussy.design                                     , 2021                , Created                                             , Creative Works                       , ‚ùå No folder       , No          ,
Playlist Iterator for TBE                                        , 2021                , Developed                                           , Personal Projects                    , ‚ùå No folder       , No          ,
AirPods Site Replication in Webflow                              , Feb 2021            , Practice Project                                    , Personal Projects                    , ‚ùå No folder       , No          ,
ZaiTheKai Webflow Reaching Out                                   , Mar 2021            , Outreach                                            , Personal Projects                    , ‚ùå No folder       , No          ,
Creative Director - CTOs Discuss                                 , Jun 2021            , Omniquotient                                        , Leadership Experience                , ‚ùå No folder       , No          ,
Symph Mid-year Teambuilding                                      , Jul 2021            , 2021                                                , Personal Projects                    , ‚ùå No folder       , No          ,
Design Feedback Session with Symphterns                          , Jul 2021            , Road to Senior Designer                             , Work Experience                      , ‚ùå No folder       , No          ,
OQ Team Challenges Landing Page                                  , Jul 2021            , Led 6 Interns                                       , Personal Projects                    , ‚ùå No folder       , No          ,
OQ Course Monetization Landing Page                              , Jul 2021            , Webflow Confidence                                  , Personal Projects                    , ‚ùå No folder       , No          ,
Glory Reborn Newsletter Designer                                 , Sep 2020 - 2021     , Ongoing                                             , Work Experience                      , ‚ùå No folder       , No          ,
OQAdemy Landing Page                                             , Jul 2021            , Implemented Hazel's Design                          , Creative Works                       , ‚ùå No folder       , No          ,
Symph Solutions Challenge Sales Edition                          , Aug 2021            , Forms to Slides Winner                              , Awards and Honors                    , ‚ùå No folder       , No          ,
Branchify Instant Ad Scriptwriting                               , Aug 2021            , Marketing                                           , Teaching and Mentorship Portfolio    , ‚ùå No folder       , No          ,
Branchify Website Redesign                                       , Aug - Sep 2021      , Webflow                                             , Personal Projects                    , ‚ùå No folder       , No          ,
Legend of Korra FanArt - BoxLunch                                , Jan 2021            , Zhu Li Contest                                      , Creative Works                       , ‚ùå No folder       , No          ,
LSM Generator                                                    , Feb 2021            , Valentine's WebDev                                  , Personal Projects                    , ‚ùå No folder       , No          ,
Global Student Prize - Chegg & Varkey                            , Apr 2021            , Nominated by Sir Acar                               , Education                            , ‚ùå No folder       , No          ,
Voice of the Youth Network Radio Feature                         , May 2021            , Episode 44 - The Art of Trying                      , Media Appearances / Public Engagement, ‚ùå No folder       , No          ,
Cell World 3D App                                                , Jun - Jul 2021      , ThreeJS with Daryl & Shaynvil                       , Personal Projects                    , ‚ùå No folder       , No          ,
Captain Barbell & Darna - Makati Dev                             , Jun 2021            , Photo Manipulation Commission                       , Teaching and Mentorship Portfolio    , ‚ùå No folder       , No          ,
STEC Barkada Kontra Droga Branding                               , Jun 2021            , Junior Police                                       , Personal Projects                    , ‚ùå No folder       , No          ,
Kuan Kanang Bisaya Research Paper                                , Mar - Jun 2021      , Linguistic Research                                 , Research Experience                  , ‚ùå No folder       , No          ,
VOTY Awards 2021 Logo                                            , Jul 2021            , Volunteer Design                                    , Volunteer Experience                 , ‚ùå No folder       , No          ,
Stress Coping Research Paper                                     , Jul 2021            , Quantitative Research                               , Research Experience                  , ‚ùå No folder       , No          ,
Social Media Success Article                                     , Apr 2021            , Sir Dom Approached                                  , Personal Projects                    , ‚ùå No folder       , No          ,
DepEd TechTalks PH Feature                                       , Jul - Aug 2021      , Tr. Ruby & Sir Laping                               , Teaching and Mentorship Portfolio    , ‚ùå No folder       , No          ,
TheoLearn Co-founder                                             , Jul 2021            , Chief Design Officer                                , Creative Works                       , ‚ùå No folder       , No          ,
Google I/O Extended Hosting                                      , Jul 2021            , Speaker Proposal for Next Event                     , Presentations                        , ‚ùå No folder       , No          ,
Filipheroes - Captain Barbell & Darna                            , Jun 2021            , Rush Commission                                     , Teaching and Mentorship Portfolio    , ‚ùå No folder       , No          ,
Promo Video + VO - The Workbooth                                 , Jul 2021            , Poverty Alleviation                                 , Personal Projects                    , ‚ùå No folder       , No          ,
Garbong Basakanon Awards                                         , Jul 2021            , Mama Essay Help                                     , Personal Projects                    , ‚ùå No folder       , No          ,
DOST-TAPI Sanaysci                                               , Jul 2021            , Light-hearted Anecdote                              , Teaching and Mentorship Portfolio    , ‚ùå No folder       , No          ,
Fascinating Features Marketing Creative                          , Jul 2021            , Branding Role                                       , Media Appearances / Public Engagement, ‚ùå No folder       , No          ,
AndyBot                                                          , Jul 2021            , GitHub Code Bot                                     , Personal Projects                    , ‚ùå No folder       , No          ,
Kuan Kanang - Buwan ng Wika                                      , Aug 2021            , Featured + Certs                                    , Media Appearances / Public Engagement, ‚ùå No folder       , No          ,
Lau - Atoang Puhon Album Cover                                   , Apr 2021            , Volunteer Design                                    , Volunteer Experience                 , ‚ùå No folder       , No          ,
TBE_Lite Reminder Extension                                      , Feb 2021            , Impulse Build                                       , Personal Projects                    , ‚ùå No folder       , No          ,
Phoenix Valorant Photo Manipulation                              , Mar 2021            , Viral Facebook Post                                 , Personal Projects                    , ‚ùå No folder       , No          ,
Clubhouse Creator Prize                                          , May 2021            , Startup PH Taglish                                  , Teaching and Mentorship Portfolio    , ‚ùå No folder       , No          ,
r/covid Twitter Bot                                              , Aug 2021            , Python Project                                      , Personal Projects                    , ‚ùå No folder       , No          ,
Gesture to Sticker for Online Class                              , Aug 2021            , Computer Vision + OBS                               , Personal Projects                    , ‚ùå No folder       , No          ,
Minerva University Acceptance                                    , May 2022            , Last Straw Decision                                 , Education                            , ‚ùå No folder       , No          ,
O'Neill HS Canada - Passion Project Talk                         , Sep 2021            , International Speaker                               , Teaching and Mentorship Portfolio    , ‚ùå No folder       , No          ,
Tabangay Ta - Bagyong Odette Response                            , Dec 2021 - Jan 2022 , 21 Developers + ‚Ç±340k Raised                        , Work Experience                      , ‚ùå No folder       , No          ,
Top 4 School-wide STEC SHS                                       , Mar 2022            , With High Honors                                    , Personal Projects                    , ‚ùå No folder       , No          ,
Top 15% Verified Designer Skill Test                             , Dec 2021            , With Nickie                                         , Work Experience                      , ‚ùå No folder       , No          ,
Symph Data-Driven Dota Championship                              , Dec 2021            , Position 5 Champion                                 , Teaching and Mentorship Portfolio    , ‚ùå No folder       , No          ,
Padayun.Ko - Centralized College Apps                            , Oct 2021            , Weekend Project                                     , Personal Projects                    , ‚ùå No folder       , No          ,
Segue MediRecords - Codeathon X                                  , Oct - Nov 2021      , 4th Place Singapore                                 , Personal Projects                    , ‚ùå No folder       , No          ,
Segue MediRecords - Doctors EMR                                  , Sep 2021 - Feb 2022 , NaaS Product                                        , Personal Projects                    , ‚ùå No folder       , No          ,
Food4Orgs Initiative                                             , Sep 2021 - Mar 2022 , Acts of Kindness                                    , Personal Projects                    , ‚ùå No folder       , No          ,
Arde InfoTech Solutions - Product Design Consultant              , Sep 2021            , 0.2% Equity                                         , Internships & Freelance Work         , ‚ùå No folder       , No          ,
The Futur - Attracting Dream Client                              , Sep 2021            , Workshop                                            , Personal Projects                    , ‚ùå No folder       , No          ,
Notion Ambassador Application                                    , Sep 2021            , Career Path                                         , Personal Projects                    , ‚ùå No folder       , No          ,
Student Workhub with Daryl                                       , Sep 2021            , Collaboration                                       , Research Experience                  , ‚ùå No folder       , No          ,
UBC College Application                                          , Sep 2021            , Manifesting                                         , Personal Projects                    , ‚ùå No folder       , No          ,
Discord Hypesquad Representative                                 , Sep 2021            , Bravery                                             , Teaching and Mentorship Portfolio    , ‚ùå No folder       , No          ,
Brigada Ligtas Balik Eskwela Branding                            , Sep 2021            , John Kyle Commission                                , Teaching and Mentorship Portfolio    , ‚ùå No folder       , No          ,
Unsplash Awards                                                  , Oct 2021            , Photography Contest                                 , Creative Works                       , ‚ùå No folder       , No          ,
Reply Challenges - Cyber Security                                , Oct 2021            , Competition                                         , Awards and Honors                    , ‚ùå No folder       , No          ,
5th Indie-Siyensa                                                , Oct 2021            , Director of Photography                             , Leadership Experience                , ‚ùå No folder       , No          ,
Salesforce Logo Design - Abbott                                  , Oct - Nov 2021      , Internal Contest                                    , Personal Projects                    , ‚ùå No folder       , No          ,
Galileo Hackathon                                                , Nov 2021            , GNSS Asia                                           , Awards and Honors                    , ‚ùå No folder       , No          ,
GCash Fintech Engineering Cadetship                              , Nov 2021            , SWE Application                                     , Work Experience                      , ‚ùå No folder       , No          ,
Unsplash 500K Views                                              , Nov 2021            , Photography Milestone                               , Creative Works                       , ‚ùå No folder       , No          ,
Dump.Waste for Glide Challenge                                   , Dec 2021            , No-Code PH                                          , Personal Projects                    , ‚ùå No folder       , No          ,
NiceReads - Coursera Output                                      , Nov 2021            , Glide No-Code App                                   , Personal Projects                    , ‚ùå No folder       , No          ,
UX Collective Author - Bootcamp Medium                           , Jan 2022            , 3 Articles + Symph Marketing                        , Creative Works                       , ‚ùå No folder       , No          ,
BJC 2022 - Brain-Computer Interface Video                        , Feb 2022            , Neural Engineering                                  , Work Experience                      , ‚ùå No folder       , No          ,
Global Student Challenge                                         , Feb - May 2022      , International Competition                           , Education                            , ‚ùå No folder       , No          ,
SAT CollegeBoard                                                 , 2022                , Standardized Test                                   , Teaching and Mentorship Portfolio    , ‚ùå No folder       , No          ,
Climate Science Olympiad                                         , Feb 2022            , Competition Entry                                   , Awards and Honors                    , ‚ùå No folder       , No          ,
Webflow Course Creation                                          , Feb 2022            , Figma to Webflow                                    , Personal Projects                    , ‚ùå No folder       , No          ,
Awesome Design People Podcast                                    , Mar 2022            , Featured Speaker                                    , Presentations                        , ‚ùå No folder       , No          ,
Pixsell Founded                                                  , Mar - Jun 2022      , Google Partnership + Marketing                      , Creative Works                       , ‚ùå No folder       , No          ,
STEC Talk                                                        , Apr 2022            , Speaker                                             , Teaching and Mentorship Portfolio    , ‚ùå No folder       , No          ,
38 Thomasians Post-Internship Talk                               , May 2022            , UST Students                                        , Work Experience                      , ‚ùå No folder       , No          ,
Segue Presentation - 23 Doctors                                  , May 2022            , Capstone Dissemination                              , Research Experience                  , ‚ùå No folder       , No          ,
UP Cebu Inspired Students - Segue                                , May 2022            , Knowledge Sharing                                   , Education                            , ‚ùå No folder       , No          ,
140x2x2 STEC Graduation Photos Edited                            , Jun 2022            , Batch Editing                                       , Personal Projects                    , ‚ùå No folder       , No          ,
STEMposium '22 - Tech Team Lead                                  , Jun 2022            , 9-person Team + 229 Students                        , Education                            , ‚ùå No folder       , No          ,
Google I/O Extended Cebu - Shrek AI                              , Jun 2022            , 5-Minute Model Demo                                 , Personal Projects                    , ‚ùå No folder       , No          ,
Padayon Ko Turnover to STEC-SSG                                  , Jun 2022            , 14-person Training                                  , Personal Projects                    , ‚ùå No folder       , No          ,
STEC-SHS Graduation - Hooding Petition                           , Jun 2022            , 139 Candidates                                      , Personal Projects                    , ‚ùå No folder       , No          ,
Generation Google Scholarship                                    , 2024                , Recipient                                           , Awards and Honors                    , ‚ùå No folder       , No          ,
PhilDev SPARK Award Nominee                                      , 2025                , Dangal ng Bayan (Dr. Laping)                        , Awards and Honors                    , ‚ùå No folder       , No          ,
Webflow Social Contest Winner                                    , 2023                , Times Square Feature                                , Awards and Honors                    , ‚ùå No folder       , No          ,
Webflow Conference Featured Developer                            , 2023                , NYC Times Square Billboard                          , Work Experience                      , ‚ùå No folder       , No          ,
Lab Lab AI Hackathon                                             , 2024                , 2nd Place Team                                      , Research Experience                  , ‚ùå No folder       , No          ,
Omi MCP Hackathon - Omi Wrap                                     , 2024                , $25k + 6-month Funding                              , Awards and Honors                    , ‚ùå No folder       , No          ,
WRO 2019 Hungary Representative                                  , 2019                , Philippines Captain                                 , Teaching and Mentorship Portfolio    , ‚ùå No folder       , No          ,
National Science Fair Winner - Stat                              , 2020                , 3rd Edition Software Innovation                     , Teaching and Mentorship Portfolio    , ‚ùå No folder       , No          ,
It's a Mask Challenge Featured Winner                            , 2020                , The Freeman Newspaper                               , Awards and Honors                    , ‚ùå No folder       , No          ,
Overwatch Art Competition Winner                                 , 2020                , SSDC                                                , Awards and Honors                    , ‚ùå No folder       , No          ,
DICT Digital Poster Champion                                     , 2020                , Region 7 & 8 Junior High                            , Teaching and Mentorship Portfolio    , ‚ùå No folder       , No          ,
Lapu-Lapu Mayor Grant                                            , 2022                , ‚Ç±200k Flight Funding (Resolution 16-0117-2022)      , "Grants, Fellowships, and Funding"   , ‚ùå No folder       , No          ,
Saludo sa Kabataan Nominee                                       , 2020                , Youth Achievement                                   , Teaching and Mentorship Portfolio    , ‚ùå No folder       , No          ,
SymphOScars Award                                                , 2020                , 3 Months In                                         , Personal Projects                    , ‚ùå No folder       , No          ,
CodePath TIP103                                                  , 2024                , Advanced Technical Interview Prep                   , Media Appearances / Public Engagement, ‚ùå No folder       , No          ,
Kaggle Intro to ML                                               , 2023                , Course Completion                                   , Personal Projects                    , ‚ùå No folder       , No          ,
YC AI Startup School Certificate                                 , Jun 2025            , Official Participant                                , Teaching and Mentorship Portfolio    , ‚ùå No folder       , No          ,
Google 5 Page AI Course                                          , 2024                , UAI Work Completion                                 , Personal Projects                    , ‚ùå No folder       , No          ,
Microsoft Tech Talk Speaker Cert                                 , 2024                , 20k DepEd                                           , Teaching and Mentorship Portfolio    , ‚ùå No folder       , No          ,
Google I/O Cebu 2022 Presenter Cert                              , 2022                , Speaker Certificate                                 , Presentations                        , ‚ùå No folder       , No          ,
UP Cebu Creative Congress 2022                                   , 2022                , Segue MediRecords                                   , Personal Projects                    , ‚ùå No folder       , No          ,
Singapore Codeathon X                                            , 2021                , Segue MediRecords                                   , Personal Projects                    , ‚ùå No folder       , No          ,
99th Percentile NCAE                                             , 2020                , National Career Assessment                          , Personal Projects                    , ‚ùå No folder       , No          ,
UBC International Scholars Program                               , 2020                , Full-ride Accepted (Rescinded)                      , Personal Projects                    , ‚ùå No folder       , No          ,
STEC-SHS Graduated                                               , 2022                , Science & Technology Focus                          , Personal Projects                    , ‚ùå No folder       , No          ,
Balitang Bisdak - Gensler Feature                                , 2024                , GMA Regional TV                                     , Teaching and Mentorship Portfolio    , ‚ùå No folder       , No          ,
Balitang Bisdak - Simala Feature                                 , 2020                , GMA Regional TV                                     , Teaching and Mentorship Portfolio    , ‚ùå No folder       , No          ,
Maayong Buntag Kapamilya - Simala                                , 2020                , ABS-CBN Cebu                                        , Teaching and Mentorship Portfolio    , ‚ùå No folder       , No          ,
Voice of the Youth Network Feature                               , 2021                , The Art of Trying                                   , Media Appearances / Public Engagement, ‚ùå No folder       , No          ,
SFTech PH - Stat Feature                                         , 2020                , Virtual Clinic                                      , Teaching and Mentorship Portfolio    , ‚ùå No folder       , No          ,
Freeman Newspaper - It's a Mask                                  , 2020                , Feature                                             , Media Appearances / Public Engagement, ‚ùå No folder       , No          ,
Minerva Blog Feature                                             , 2024                , Class of 2026 Developer                             , Work Experience                      , ‚ùå No folder       , No          ,
PhilDev.org - Plutus Feature                                     , 2021                , 10 Financial Literacy Solutions                     , Media Appearances / Public Engagement, ‚ùå No folder       , No          ,
Medium Design Bootcamp - Times Square                            , 2023                , Billboard Article                                   , Creative Works                       , ‚ùå No folder       , No          ,
Lapu-Lapu City PIO Press Release                                 , 2022                , Mayor Grant + Minerva                               , "Grants, Fellowships, and Funding"   , ‚ùå No folder       , No          ,
Cebu Making Space - Padayon Ko                                   , 2024                , Meet the Maker                                      , Personal Projects                    , ‚ùå No folder       , No          ,
MNHS - WRO 2019 Hungary Feature                                  , 2019                , School Feature                                      , Media Appearances / Public Engagement, ‚ùå No folder       , No          ,
AgentQL Blog - LookMaNoHands                                     , 2024                , Multimodal AI Agents Hackathon                      , Awards and Honors                    , ‚ùå No folder       , No          ,
Warner Bros Discovery Photos                                     , 2024                , Charitable Entity Usage                             , Teaching and Mentorship Portfolio    , ‚ùå No folder       , No          ,
PAIR Fellowship Shortlisted                                      , 2025                , Philippine AI Retreat (Interviewed)                 , "Grants, Fellowships, and Funding"   , ‚ùå No folder       , No          ,
Anthropic Claude Builder Ambassador                              , 2024                , Applied via UCSF                                    , Personal Projects                    , ‚ùå No folder       , No          ,
YC Summer Fellows Grant                                          , 2025                , Application Submitted                               , Personal Projects                    , ‚ùå No folder       , No          ,
LocalHost Fellowship                                             , 2024                , Applied ($4k)                                       , Personal Projects                    , ‚ùå No folder       , No          ,
Inflection Grants                                                , 2024                , Applied ($2k)                                       , Personal Projects                    , ‚ùå No folder       , No          ,
Microsoft for Startups Accepted                                  , 2024                , Founders Hub $1k                                    , Teaching and Mentorship Portfolio    , ‚ùå No folder       , No          ,
Google AI Futures Fund                                           , 2024                , MindSet BCI Application                             , Personal Projects                    , ‚ùå No folder       , No          ,
StellarPH 100                                                    , 2024                , Under 30 Philippines                                , Personal Projects                    , ‚ùå No folder       , No          ,
YYGS Applied + Interviewed                                       , 2020                , Yale Young Global Scholars                          , Personal Projects                    , ‚ùå No folder       , No          ,
